{"student_id": "s001", "n": 4, "mean": [3.984375, 0.18221154808998108, 0.6773902773857117, 0.22976192831993103, 15.6875, 0.0625, 0.0, 0.0, 0.0634920671582222, 17.998422622680664, 6.746949672698975, 0.0, 0.0, 0.0833333358168602, 0.2690476179122925, 0.2023809552192688, 0.9166666865348816, 0.05735930800437927, 0.3125, 0.25, 0.01785714365541935, 0.0], "std": [1.0464537143707275, 0.18368756771087646, 0.24466171860694885, 0.13885611295700073, 4.193425178527832, 0.15825317800045013, 0.05000000074505806, 0.05000000074505806, 0.11447650194168091, 1.7967822551727295, 0.9926534295082092, 0.05000000074505806, 0.05000000074505806, 0.19433756172657013, 0.2747069299221039, 0.10990355908870697, 0.19433754682540894, 0.12443968653678894, 0.45983991026878357, 0.48301270604133606, 0.0809294804930687, 0.05000000074505806]}